ZIP code (or aggregate),Hospitalizations 2000,Crude Rate 2000,Crude Rate 2000 Lower CI,Crude Rate 2000 Upper CI,Adjusted Rate 2000,Adjusted Rate 2000 Lower CI,Adjusted Rate 2000 Upper CI,Hospitalizations 2001,Crude Rate 2001,Crude Rate 2001 Lower CI,Crude Rate 2001 Upper CI,Adjusted Rate 2001,Adjusted Rate 2001 Lower CI,Adjusted Rate 2001 Upper CI,Hospitalizations 2002,Crude Rate 2002,Crude Rate 2002 Lower CI,Crude Rate 2002 Upper CI,Adjusted Rate 2002,Adjusted Rate 2002 Lower CI,Adjusted Rate 2002 Upper CI,Hospitalizations 2003,Crude Rate 2003,Crude Rate 2003 Lower CI,Crude Rate 2003 Upper CI,Adjusted Rate 2003,Adjusted Rate 2003 Lower CI,Adjusted Rate 2003 Upper CI,Hospitalizations 2004,Crude Rate 2004,Crude Rate 2004 Lower CI,Crude Rate 2004 Upper CI,Adjusted Rate 2004,Adjusted Rate 2004 Lower CI,Adjusted Rate 2004 Upper CI,Hospitalizations 2005,Crude Rate 2005,Crude Rate 2005 Lower CI,Crude Rate 2005 Upper CI,Adjusted Rate 2005,Adjusted Rate 2005 Lower CI,Adjusted Rate 2005 Upper CI,Hospitalizations 2006,Crude Rate 2006,Crude Rate 2006 Lower CI,Crude Rate 2006 Upper CI,Adjusted Rate 2006,Adjusted Rate 2006 Lower CI,Adjusted Rate 2006 Upper CI,Hospitalizations 2007,Crude Rate 2007,Crude Rate 2007 Lower CI,Crude Rate 2007 Upper CI,Adjusted Rate 2007,Adjusted Rate 2007 Lower CI,Adjusted Rate 2007 Upper CI,Hospitalizations 2008,Crude Rate 2008,Crude Rate 2008 Lower CI,Crude Rate 2008 Upper CI,Adjusted Rate 2008,Adjusted Rate 2008 Lower CI,Adjusted Rate 2008 Upper CI,Hospitalizations 2009,Crude Rate 2009,Crude Rate 2009 Lower CI,Crude Rate 2009 Upper CI,Adjusted Rate 2009,Adjusted Rate 2009 Lower CI,Adjusted Rate 2009 Upper CI,Hospitalizations 2010,Crude Rate 2010,Crude Rate 2010 Lower CI,Crude Rate 2010 Upper CI,Adjusted Rate 2010,Adjusted Rate 2010 Lower CI,Adjusted Rate 2010 Upper CI,Hospitalizations 2011,Crude Rate 2011,Crude Rate 2011 Lower CI,Crude Rate 2011 Upper CI,Adjusted Rate 2011,Adjusted Rate 2011 Lower CI,Adjusted Rate 2011 Upper CI
"60601, 60602, 60603, 60604, 60605 & 60611",57,12.7,9.6,16.4,11.9,9,15.2,60,12.7,9.7,16.3,12.4,9.4,15.8,71,14.4,11.2,18.1,14.3,11.1,17.8,61,11.8,9,15.2,11.3,8.7,14.4,55,10.2,7.7,13.3,9.9,7.5,12.7,64,11.5,8.8,14.6,11,8.5,13.9,69,11.9,9.2,15,11.7,9.1,14.6,52,8.6,6.4,11.3,8.4,6.3,10.9,43,6.9,5,9.3,6.8,4.9,8.9,54,8.4,6.3,10.9,8.3,6.2,10.6,49,7.3,5.4,9.7,7.4,5.5,9.6,40,6,4.3,8.2,6.1,4.4,8.2
"60606, 60607 & 60661",41,19,13.6,25.7,27.3,19.3,36.6,30,13.1,8.9,18.7,18.9,12.3,26.9,32,13.3,9.1,18.7,17.6,11.7,24.8,28,11.1,7.3,16,16.9,10.9,24.1,23,8.7,5.5,13,16.8,10.4,24.8,31,11.2,7.6,15.8,20.2,13,28.8,32,11,7.5,15.6,18.2,12,25.6,35,11.6,8.1,16.1,19.2,12.8,27,49,15.6,11.5,20.6,30.5,21.8,40.8,31,9.5,6.4,13.4,16.5,10.7,23.6,26,7.7,5,11.2,11.5,7.1,16.9,31,9.1,6.2,12.9,17.4,11.3,24.9
60608,211,22.8,19.7,25.9,33.3,28.7,38.1,193,21.1,18.1,24.1,29.7,25.5,34.3,166,18.3,15.6,21.1,26.4,22.4,30.8,172,19.2,16.3,22.1,27.5,23.4,32,192,21.7,18.6,24.7,28.9,24.8,33.4,203,23.2,20,26.4,31.2,26.8,35.8,173,20,17,22.9,25.2,21.4,29.2,179,20.9,17.8,24,27.5,23.5,31.9,182,21.5,18.4,24.6,27.5,23.5,31.8,192,22.9,19.7,26.2,27.3,23.4,31.4,192,23.2,19.9,26.5,28.1,24.1,32.5,207,25,21.6,28.4,30.2,26.1,34.6
60609,242,30.5,26.6,34.3,40.6,35.4,46.3,176,22.6,19.2,25.9,31.7,26.9,36.8,204,26.7,23,30.3,37.8,32.6,43.4,222,29.6,25.7,33.4,41,35.6,46.8,193,26.2,22.5,29.9,34,29.1,39.2,210,29.1,25.2,33,38.8,33.5,44.5,184,26,22.3,29.8,33,28.2,38.1,219,31.6,27.4,35.8,41.7,36.1,47.6,185,27.3,23.3,31.2,34.1,29.2,39.4,206,31,26.8,35.3,39.1,33.7,44.8,203,31.3,27,35.6,37.6,32.4,43.2,176,27.1,23.1,31.1,32.6,27.8,37.8
60610 & 60654,80,16.8,13.4,21,17.9,14.1,22,79,16.5,13,20.5,18,14.2,22.2,84,17.3,13.8,21.4,18.7,14.9,22.9,80,16.3,12.9,20.3,17.6,13.9,21.8,82,16.6,13.2,20.5,17.7,14.1,21.8,90,18,14.5,22.1,19.5,15.7,23.8,72,14.2,11.1,17.9,14.7,11.5,18.3,60,11.8,9,15.1,12.2,9.3,15.5,71,13.8,10.7,17.4,14.1,11,17.6,64,12.3,9.5,15.7,12.7,9.7,16,74,14.1,11,17.7,15.1,11.8,18.7,78,14.8,11.7,18.5,15.4,12.1,19
60612,124,32.6,26.9,38.4,39.7,32.8,47.1,136,36.2,30.1,42.3,44.6,37.3,52.6,126,34,28,39.9,42.1,35,50,114,31.1,25.4,36.8,37,30.4,44.3,112,31,25.2,36.7,36.6,30,43.8,144,40.3,33.7,46.9,47.7,40.1,56,138,39.1,32.6,45.6,47.7,39.9,56.1,155,44.5,37.5,51.5,51.9,43.9,60.6,159,46.3,39.1,53.4,54.5,46.2,63.5,147,43.3,36.3,50.3,49.4,41.6,57.8,135,40.3,33.5,47.1,45.9,38.4,54.1,167,49.9,42.3,57.5,57.4,48.9,66.6
60613,67,13.3,10.3,16.8,16.2,12.5,20.4,75,14.9,11.7,18.7,19,14.9,23.6,54,10.8,8.1,14.1,14,10.5,18.1,67,13.4,10.4,17.1,16.5,12.7,20.8,65,13.1,10.1,16.7,16.1,12.3,20.3,61,12.3,9.4,15.9,16.1,12.3,20.5,54,11,8.2,14.3,14.1,10.6,18.2,60,12.3,9.3,15.8,14.8,11.2,18.8,50,10.3,7.6,13.5,13.7,10.1,17.8,73,15.1,11.8,18.9,19.4,15.1,24.3,54,11.2,8.4,14.6,14.8,11.1,19.1,53,11,8.2,14.4,13.9,10.4,18
60614,64,9.8,7.5,12.5,14,10.7,17.8,81,12.4,9.8,15.3,18.1,14.2,22.3,62,9.4,7.2,12.1,13.8,10.5,17.5,60,9.1,7,11.7,12.1,9.1,15.5,60,9.1,6.9,11.7,12.5,9.4,16,69,10.5,8.1,13.2,14,10.8,17.6,74,11.2,8.8,14,15.6,12.2,19.5,63,9.5,7.3,12.2,13.1,10,16.7,71,10.7,8.3,13.5,15.2,11.8,19.1,75,11.3,8.9,14.1,16,12.4,19.9,76,11.4,9,14.3,16.2,12.7,20.1,63,9.5,7.3,12.1,13.8,10.6,17.5
60615,114,25.3,20.6,29.9,26.1,21.6,31.2,91,20.4,16.4,25,21,16.9,25.6,101,22.9,18.4,27.3,23.5,19.1,28.3,115,26.3,21.5,31.1,27.1,22.4,32.3,101,23.3,18.8,27.9,23.9,19.4,28.7,105,24.5,19.8,29.2,25.1,20.6,30.2,102,24.1,19.4,28.7,24.4,19.9,29.4,102,24.3,19.6,29,24.7,20.2,29.8,94,22.7,18.3,27.7,22.7,18.3,27.5,117,28.5,23.3,33.7,28.7,23.7,34.1,107,26.4,21.4,31.3,26.5,21.7,31.8,92,22.7,18.3,27.8,22.4,18.1,27.2
60616,133,28.3,23.4,33.1,28.5,23.8,33.5,108,22.9,18.6,27.2,22.8,18.7,27.3,123,26,21.4,30.6,25.9,21.5,30.6,120,25.3,20.7,29.8,24.8,20.5,29.4,103,21.6,17.5,25.8,21.1,17.2,25.3,155,32.5,27.3,37.6,31.3,26.6,36.5,118,24.6,20.2,29.1,23.6,19.5,28.1,155,32.3,27.2,37.4,30.6,26,35.6,110,22.8,18.6,27.1,21.6,17.8,25.8,109,22.6,18.3,26.8,21.2,17.4,25.3,87,18,14.4,22.2,16.7,13.3,20.3,80,16.5,13.1,20.6,15.3,12.1,18.8
60617,283,29.4,26,32.8,31.1,27.5,34.8,305,32.1,28.5,35.7,33.4,29.7,37.2,308,32.8,29.1,36.5,33.6,30,37.5,337,36.4,32.5,40.3,36.6,32.8,40.6,370,40.5,36.3,44.6,40.7,36.7,45,317,35.1,31.3,39,35.2,31.4,39.2,372,41.8,37.5,46,41.6,37.5,46,385,43.9,39.5,48.2,43.5,39.2,47.9,378,43.7,39.3,48.1,42.5,38.3,46.9,361,42.3,37.9,46.7,41.1,36.9,45.4,393,46.7,42.1,51.3,44.9,40.5,49.4,380,45.2,40.6,49.7,43.2,38.9,47.6
60618,139,14.2,11.8,16.5,17.5,14.6,20.6,129,13.2,10.9,15.5,16.5,13.7,19.6,153,15.8,13.3,18.3,19.3,16.3,22.5,123,12.8,10.5,15,15.8,13.1,18.8,124,13,10.7,15.2,15.6,12.9,18.5,156,16.4,13.8,19,19.4,16.4,22.6,157,16.6,14,19.2,20.4,17.2,23.8,143,15.2,12.7,17.7,19.3,16.1,22.7,129,13.8,11.4,16.2,16.7,13.9,19.9,150,16.2,13.6,18.8,19.4,16.3,22.7,124,13.5,11.1,15.8,16.8,13.8,20,129,14,11.6,16.4,16.4,13.6,19.5
60619,242,32.3,28.2,36.3,29.8,26.1,33.7,306,41.4,36.8,46.1,38.1,33.9,42.5,350,48.1,43.1,53.2,44.7,40.1,49.6,320,44.7,39.8,49.6,40.8,36.4,45.4,286,40.6,35.9,45.3,37.1,32.9,41.6,330,47.6,42.4,52.7,44,39.3,48.9,346,50.7,45.3,56,45.2,40.5,50.1,362,53.9,48.3,59.5,48.3,43.4,53.5,362,54.8,49.2,60.4,50,44.9,55.4,312,48.1,42.7,53.4,46,40.9,51.3,363,56.9,51,62.7,52.5,47.1,58.2,356,55.8,50,61.6,51.3,46,56.9
60620,388,45.2,40.7,49.7,45.6,41.1,50.3,342,40.5,36.2,44.8,39.7,35.6,44,376,45.3,40.7,49.8,43.5,39.2,48,344,42.1,37.7,46.5,40.6,36.4,45.1,350,43.6,39,48.1,41.6,37.3,46.1,339,42.9,38.3,47.5,40.7,36.5,45.2,432,55.6,50.4,60.9,53,48.1,58.2,429,56.2,50.9,61.6,52.7,47.8,57.9,380,50.7,45.6,55.8,47.7,43,52.7,362,49.2,44.1,54.3,45.6,41,50.4,393,54.4,49,59.8,50.3,45.4,55.4,321,44.5,39.6,49.3,42.1,37.6,46.9
60621,256,53.9,47.3,60.5,59.3,52.2,66.9,247,53.3,46.6,59.9,58,50.9,65.5,236,52.2,45.6,58.9,56.3,49.3,63.8,250,56.8,49.7,63.8,61.5,54.1,69.4,252,58.8,51.5,66,63.2,55.6,71.3,252,60.4,53,67.9,63.2,55.6,71.3,237,58.4,51,65.9,61.4,53.8,69.5,239,60.7,53,68.4,63.6,55.8,72,241,63,55.1,71,64.6,56.7,73,241,65,56.8,73.2,65.9,57.8,74.5,202,56.3,48.5,64,56.5,49,64.6,164,45.7,38.7,52.7,46,39.2,53.3
60622 & 60642,231,30.4,26.5,34.3,41.7,36.3,47.4,271,35.9,31.6,40.2,50.1,44.2,56.5,245,32.7,28.6,36.7,45.9,40.1,52.1,211,28.3,24.5,32.1,40,34.6,45.8,240,32.4,28.3,36.5,46.8,40.9,53.2,203,27.6,23.8,31.4,39.8,34.3,45.6,181,24.8,21.2,28.4,37.7,32.2,43.6,209,28.8,24.9,32.7,41.9,36.2,48.1,194,26.9,23.1,30.7,41.2,35.4,47.4,172,24.1,20.5,27.6,35.8,30.5,41.6,146,20.6,17.2,23.9,31.1,26.1,36.6,112,15.8,12.8,18.7,25.9,21.2,31.1
60623,240,22.2,19.4,25,34.1,29.7,38.9,291,27.3,24.2,30.4,38.6,34,43.6,291,27.7,24.5,30.9,40.6,35.7,45.7,252,24.4,21.4,27.4,34.4,30,39,277,27.2,24,30.4,38.5,33.8,43.4,285,28.5,25.2,31.8,38.2,33.6,43,241,24.5,21.4,27.5,34.8,30.3,39.7,280,28.9,25.5,32.3,39.5,34.8,44.5,252,26.4,23.2,29.7,35.2,30.7,39.9,280,29.9,26.4,33.4,38.8,34.1,43.6,259,28.1,24.7,31.5,36.3,31.8,41,229,24.9,21.6,28.1,30.3,26.3,34.5
60624,253,55.4,48.6,62.3,63.7,56,72,235,52.4,45.7,59,60,52.4,68,262,59.4,52.2,66.5,67.7,59.6,76.3,224,51.6,44.9,58.4,57.7,50.3,65.6,237,55.6,48.5,62.7,62.3,54.6,70.6,195,46.6,40,53.1,50.1,43.3,57.5,211,51.3,44.4,58.2,55.3,48,63,205,50.8,43.8,57.7,54.9,47.6,62.7,228,57.6,50.1,65,61.1,53.4,69.4,193,49.7,42.7,56.7,50.5,43.6,58,176,46.2,39.4,53,47.7,40.8,55,193,50.7,43.5,57.8,52.1,44.9,59.7
60625,126,13.8,11.4,16.2,17,14.1,20.1,140,15.5,13,18.1,19.1,16,22.5,130,14.6,12.1,17.2,18.5,15.4,21.9,129,14.7,12.2,17.3,18.8,15.6,22.2,104,12.1,9.7,14.4,15,12.2,18.1,113,13.3,10.8,15.7,15.4,12.7,18.5,123,14.7,12.1,17.3,18,14.9,21.4,142,17.2,14.4,20.1,20.3,17,23.8,121,14.9,12.2,17.6,18.3,15.1,21.8,137,17.1,14.3,20,20.5,17.1,24.2,133,16.9,14,19.8,20.3,16.9,24,137,17.4,14.5,20.3,21.6,18,25.4
60626,133,22.5,18.6,26.3,28.6,23.9,33.8,114,19.5,16,23.1,24.6,20.2,29.4,133,23.2,19.2,27.1,26.8,22.3,31.6,116,20.5,16.8,24.3,25.1,20.6,30,102,18.3,14.8,21.9,23.5,19.1,28.4,104,19,15.4,22.7,23.1,18.8,27.9,139,25.8,21.5,30.1,31.1,26,36.6,115,21.8,17.8,25.7,25.8,21.2,30.8,97,18.7,15.1,22.8,22.8,18.4,27.7,96,18.8,15.2,23,21.5,17.3,26.1,96,19.2,15.5,23.4,21.1,17,25.7,102,20.3,16.4,24.3,23.8,19.3,28.8
60628,381,43.4,39,47.7,43.6,39.3,48.1,397,46,41.5,50.5,46.9,42.4,51.7,407,48.1,43.4,52.7,47.8,43.2,52.6,430,51.7,46.8,56.6,51.2,46.5,56.2,420,51.5,46.6,56.4,51.1,46.3,56.1,441,55.1,50,60.3,54.4,49.4,59.7,464,59.1,53.8,64.5,57.6,52.5,63,485,63.1,57.5,68.7,61.3,55.9,66.9,406,53.9,48.7,59.1,51.6,46.7,56.8,378,51.2,46.1,56.4,48,43.3,53,350,48.5,43.4,53.6,45.1,40.4,50,346,47.9,42.9,53,45.3,40.6,50.2
60629,224,19.7,17.1,22.2,24.4,21.2,27.7,197,17.3,14.9,19.7,21.7,18.7,24.9,259,22.7,20,25.5,28.6,25.1,32.2,241,21.2,18.5,23.8,25.7,22.5,29.2,224,19.7,17.1,22.2,25.1,21.9,28.6,214,18.8,16.3,21.3,22.3,19.3,25.4,269,23.6,20.8,26.4,27.4,24.1,30.9,273,24,21.1,26.8,27.8,24.4,31.3,318,27.9,24.8,31,34.4,30.6,38.5,294,25.8,22.9,28.8,30.6,27,34.4,299,26.3,23.3,29.2,30.7,27.2,34.5,292,25.6,22.7,28.6,31.3,27.6,35.2
60630,81,14.8,11.7,18.4,13.6,10.8,16.7,95,17.4,14,21.2,15.7,12.7,19,76,13.9,11,17.4,12.5,9.9,15.5,94,17.2,13.9,21.1,15.7,12.6,19,88,16.2,13,19.9,14.8,11.9,18.1,81,14.9,11.8,18.5,13.3,10.6,16.4,67,12.3,9.5,15.6,11.5,8.9,14.4,72,13.3,10.4,16.7,12.1,9.4,15.1,77,14.2,11.2,17.7,13.1,10.3,16.2,71,13.1,10.2,16.5,11.9,9.3,14.9,65,12,9.3,15.3,11.1,8.5,13.9,79,14.6,11.6,18.2,13.5,10.7,16.7
60631,57,19.8,15,25.6,14.7,10.9,19,37,12.8,9,17.7,9.7,6.7,13.3,41,14.2,10.2,19.3,11.2,7.9,15,48,16.7,12.3,22.1,11.8,8.6,15.5,35,12.2,8.5,16.9,8.7,5.9,12,49,17.1,12.6,22.5,14,10.1,18.4,34,11.8,8.2,16.5,9,6.1,12.5,44,15.3,11.1,20.6,10.3,7.4,13.7,32,11.2,7.6,15.8,8.6,5.7,12,33,11.5,7.9,16.2,8.9,6,12.5,32,11.2,7.6,15.8,8.7,5.8,12.1,32,11.2,7.6,15.8,8.5,5.7,12
60632,122,13.9,11.5,16.4,18.8,15.6,22.4,146,16.6,13.9,19.3,21.7,18.2,25.4,137,15.5,12.9,18.1,19.7,16.5,23.2,133,15,12.4,17.5,19.7,16.4,23.3,121,13.6,11.2,16,17.8,14.7,21.2,123,13.8,11.3,16.2,18.2,15.1,21.7,168,18.7,15.9,21.5,25.4,21.6,29.5,161,17.9,15.1,20.6,23,19.5,26.9,206,22.7,19.6,25.8,29.9,25.8,34.3,198,21.8,18.7,24.8,29,24.9,33.4,151,16.5,13.9,19.2,22.1,18.6,26,126,13.8,11.4,16.2,17.6,14.5,21
60634,99,13.4,10.9,16.3,12,9.7,14.5,134,18.1,15,21.1,16,13.4,18.8,118,15.9,13,18.8,14.5,12,17.3,134,18.1,15,21.1,16.3,13.6,19.2,99,13.3,10.8,16.2,12.1,9.9,14.7,112,15.1,12.3,17.9,13.9,11.4,16.6,89,12,9.6,14.8,11.1,8.9,13.5,94,12.7,10.2,15.5,11.8,9.5,14.3,109,14.7,11.9,17.4,13.6,11.2,16.3,84,11.3,9,14,10.5,8.4,12.9,115,15.5,12.7,18.3,14.3,11.8,17,100,13.5,10.8,16.1,12.6,10.2,15.2
60636,251,48.8,42.7,54.8,52.8,46.4,59.6,248,49.2,43.1,55.3,53.9,47.3,60.9,258,52.3,45.9,58.7,57,50.1,64.2,210,43.5,37.6,49.4,45.9,39.9,52.4,263,55.7,49,62.4,59.2,52.2,66.6,233,50.5,44,56.9,52.9,46.3,59.9,275,60.9,53.7,68.1,64,56.6,71.9,261,59.2,52,66.4,60.7,53.5,68.3,252,58.6,51.3,65.8,59.8,52.6,67.4,235,56,48.8,63.1,56.7,49.7,64.2,201,49.1,42.3,55.9,48.9,42.3,55.9,215,52.6,45.5,59.6,52.2,45.4,59.4
60637,181,31.7,27.1,36.3,33.8,29,38.9,169,30,25.5,34.5,31.9,27.2,36.9,221,39.8,34.5,45,42.2,36.8,48,173,31.6,26.9,36.3,33.5,28.7,38.7,147,27.2,22.8,31.6,28.9,24.4,33.8,184,34.5,29.5,39.5,36.7,31.5,42.2,194,36.9,31.7,42.1,39.4,34,45.1,188,36.3,31.1,41.5,38.4,33.1,44.1,186,36.5,31.2,41.7,37.6,32.4,43.2,221,44,38.2,49.8,45.6,39.7,51.8,196,39.6,34,45.1,41.1,35.6,47.1,177,35.8,30.5,41,37.8,32.4,43.6
60638,114,20.4,16.7,24.2,17.9,14.7,21.4,101,18.1,14.6,21.7,16.2,13.2,19.6,121,21.8,17.9,25.6,19.7,16.3,23.4,105,18.9,15.3,22.5,17.1,14,20.6,106,19.1,15.5,22.7,17.4,14.2,20.9,111,20,16.3,23.8,18.5,15.2,22.1,125,22.6,18.6,26.6,20.9,17.4,24.8,103,18.6,15,22.2,17.4,14.2,21,122,22.1,18.2,26,20.4,16.9,24.2,88,16,12.8,19.7,14.9,11.9,18.2,105,19.1,15.4,22.7,18.1,14.8,21.7,83,15.1,12,18.7,14.1,11.3,17.4
60639,237,25.5,22.3,28.7,35.2,30.7,40.1,256,27.6,24.2,31,37,32.3,41.9,271,29.3,25.8,32.8,38.5,33.8,43.5,187,20.3,17.4,23.2,26.9,23,31.1,206,22.4,19.4,25.5,29.1,25,33.5,238,26,22.7,29.3,32.8,28.5,37.4,218,23.8,20.7,27,30.2,26.1,34.6,265,29.1,25.6,32.6,36.7,32.2,41.6,224,24.6,21.4,27.9,30.6,26.6,35,212,23.4,20.2,26.5,29.4,25.3,33.7,219,24.2,21,27.4,30.4,26.3,34.9,252,27.9,24.4,31.3,31.8,27.8,36.1
60640,188,25.4,21.8,29,27.3,23.5,31.3,179,24.5,20.9,28,26.4,22.6,30.4,173,23.9,20.3,27.5,25.4,21.7,29.3,152,21.2,17.9,24.6,22.3,18.9,25.9,158,22.3,18.9,25.8,23.5,19.9,27.3,148,21.2,17.8,24.6,22.2,18.7,25.9,167,24.2,20.5,27.8,24.9,21.3,28.9,153,22.4,18.9,26,23.1,19.5,26.9,166,24.6,20.9,28.4,25.5,21.8,29.5,154,23.1,19.5,26.8,23.7,20.1,27.6,169,25.7,21.8,29.6,26.1,22.3,30.2,149,22.7,19,26.3,23.1,19.6,27
60641,125,16.9,14,19.9,18.3,15.2,21.7,128,17.4,14.4,20.4,19.1,15.9,22.6,95,12.9,10.5,15.8,14,11.3,16.9,100,13.7,11,16.3,15.2,12.3,18.3,108,14.8,12,17.6,15.9,13,19.1,105,14.4,11.7,17.2,15.4,12.5,18.5,125,17.2,14.2,20.3,19.3,16.1,22.9,130,18,14.9,21.1,19.8,16.5,23.4,139,19.3,16.1,22.5,21,17.6,24.7,124,17.3,14.2,20.3,19.4,16,23,102,14.2,11.5,17,15.2,12.3,18.3,122,17,14,20,18.2,15,21.6
60643,177,33.7,28.7,38.6,32.4,27.8,37.4,181,34.6,29.6,39.6,33.3,28.6,38.4,208,40,34.5,45.4,38.1,33,43.5,211,40.8,35.3,46.2,38.6,33.5,44,180,34.9,29.8,40,32.2,27.6,37.1,189,36.9,31.6,42.1,33.3,28.7,38.3,223,43.7,38,49.5,39.5,34.4,44.9,227,44.7,38.9,50.6,40.7,35.5,46.3,207,41,35.4,46.6,37.5,32.5,42.9,208,41.4,35.8,47,35.9,31.1,41,189,37.8,32.4,43.2,34.6,29.7,39.8,198,39.6,34.1,45.2,36.6,31.5,42
60644,255,43.2,37.9,48.5,50.3,44.1,56.9,251,43.3,37.9,48.6,49.5,43.4,56,260,45.6,40.1,51.2,51.3,45.1,57.8,224,40.1,34.8,45.3,45.4,39.5,51.7,324,59,52.6,65.4,63.9,57,71.1,314,58.3,51.9,64.8,62.1,55.3,69.2,269,50.9,44.9,57,53.2,47,59.9,359,69.3,62.2,76.5,70.6,63.4,78.1,253,49.9,43.7,56,50.7,44.6,57.2,253,50.9,44.6,57.2,51.3,45.2,57.9,266,54.7,48.1,61.3,54.6,48.2,61.4,256,52.6,46.2,59.1,52.2,45.9,58.8
60645,82,18.6,14.8,23,18,14.3,22.1,77,17.4,13.7,21.7,17.2,13.5,21.2,57,12.8,9.7,16.6,12.4,9.4,15.8,94,21.1,17.1,25.8,20.3,16.4,24.6,76,17,13.4,21.3,16.8,13.2,20.8,88,19.7,15.8,24.2,19.5,15.6,23.8,74,16.5,13,20.7,16.2,12.7,20.1,77,17.1,13.5,21.4,17.1,13.5,21.2,73,16.2,12.7,20.4,16.1,12.6,20.1,86,19,15.2,23.5,19.1,15.3,23.4,74,16.3,12.8,20.5,16.5,12.9,20.5,55,12.2,9.2,15.8,12.3,9.3,15.8
60646,42,15.6,11.2,21,12.1,8.6,16.1,35,13,9,18,10.9,7.5,15,42,15.5,11.2,21,12.5,8.9,16.7,44,16.3,11.8,21.8,11.3,8.1,15,32,11.8,8.1,16.7,9.3,6.2,12.9,39,14.4,10.2,19.7,10.5,7.3,14.2,40,14.8,10.5,20.1,12.1,8.5,16.3,63,23.2,17.8,29.7,20,15.2,25.5,48,17.7,13,23.4,15.8,11.5,20.8,37,13.6,9.6,18.8,11.4,7.9,15.6,42,15.5,11.1,20.9,12.3,8.7,16.4,36,13.3,9.3,18.3,11.6,8,15.8
60647,347,35.1,31.4,38.8,51,45.4,56.9,349,35.8,32,39.5,52.8,47,58.9,325,33.7,30,37.4,48,42.5,53.9,212,22.2,19.2,25.2,35.7,30.7,41.1,294,31.2,27.7,34.8,48,42.3,54.1,234,25.2,21.9,28.4,38,33,43.4,227,24.7,21.5,27.9,38.6,33.5,44.2,241,26.6,23.2,29.9,42,36.5,47.8,228,25.5,22.1,28.8,36.1,31.3,41.3,210,23.8,20.5,27,36.1,31.1,41.5,161,18.4,15.6,21.3,28.9,24.3,33.8,183,21,17.9,24,32.2,27.3,37.4
60649,222,40.5,35.2,45.8,43.3,37.8,49.2,255,47.2,41.4,53,48.9,43.1,55.1,275,51.7,45.6,57.8,52.8,46.7,59.2,256,48.9,42.9,54.9,49.7,43.7,56,285,55.3,48.9,61.7,55.4,49.1,62,250,49.3,43.2,55.4,48.9,43,55.2,267,53.5,47.1,59.9,53.1,46.9,59.6,259,52.8,46.3,59.2,50.2,44.2,56.5,283,58.6,51.8,65.4,55.5,49.2,62.2,274,57.7,50.9,64.6,54.5,48.2,61.2,205,43.9,37.9,50,41.2,35.7,47,236,50.6,44.1,57,46.7,40.9,53
60651,256,33,29,37,43.6,37.8,49.8,333,43.7,39,48.4,55.2,48.9,62,306,40.8,36.3,45.4,50.8,44.8,57.3,300,40.8,36.2,45.4,50.3,44.2,56.7,308,42.6,37.9,47.4,50.7,44.8,57,306,43.1,38.3,48,54.6,48.1,61.5,297,42.7,37.8,47.5,48.6,43,54.6,298,43.7,38.7,48.6,51,45.1,57.4,317,47.4,42.1,52.6,53.8,47.7,60.2,313,47.7,42.4,53,54.8,48.6,61.3,309,48.1,42.7,53.4,50.9,45.2,56.9,281,43.7,38.6,48.8,48.1,42.4,54.2
60652,74,18.9,14.8,23.7,20.2,15.8,25,96,24.4,19.8,29.8,25.6,20.7,31,94,23.8,19.2,29.1,24.7,19.9,29.9,87,21.9,17.6,27.1,22.6,18.1,27.6,105,26.3,21.3,31.4,27.6,22.6,33.2,95,23.7,19.2,29,24.9,20.1,30.2,95,23.6,19.1,28.9,24,19.4,29.1,100,24.8,19.9,29.6,25.9,21,31.2,99,24.4,19.8,29.7,24.9,20.2,30,108,26.5,21.5,31.5,27.4,22.4,32.8,110,26.9,21.8,31.9,28.6,23.4,34.3,89,21.7,17.5,26.7,23.4,18.7,28.6
60653,212,61.5,53.2,69.7,66.2,57.4,75.5,200,58.8,50.6,66.9,62.4,53.9,71.5,175,52.1,44.4,59.8,55.9,47.9,64.6,147,44.4,37.2,51.6,46.2,39,54.1,188,57.6,49.3,65.8,59.7,51.4,68.5,170,52.8,44.9,60.7,54,46.2,62.5,169,53.2,45.2,61.3,53.8,46,62.2,158,50.5,42.6,58.4,50.3,42.7,58.4,110,35.7,29,42.3,35.1,28.8,42,133,43.8,36.4,51.2,43,36,50.6,129,43.1,35.7,50.6,41.9,34.9,49.4,136,45.5,37.8,53.1,44.4,37.2,52.2
60655,36,12.4,8.7,17.1,12.4,8.6,16.7,48,16.5,12.2,21.9,16.2,11.9,21.1,38,13.1,9.3,18,13,9.2,17.5,31,10.7,7.3,15.2,10.3,7,14.2,30,10.4,7,14.8,10.1,6.8,14,46,16,11.7,21.3,15.6,11.4,20.5,46,16,11.7,21.3,15.6,11.4,20.4,54,18.8,14.1,24.5,18.4,13.8,23.7,46,16.1,11.8,21.4,16,11.7,21,40,14,10,19,13,9.3,17.4,29,10.2,6.8,14.6,10.1,6.7,14.2,34,11.9,8.2,16.6,12.5,8.6,17
60656,56,20.6,15.6,26.8,17.1,12.8,22,33,12.1,8.4,17,10.4,7.1,14.3,40,14.7,10.5,20,13.4,9.5,17.9,31,11.4,7.7,16.1,9.8,6.6,13.6,40,14.6,10.5,19.9,12.3,8.7,16.6,41,15,10.7,20.3,13.3,9.5,17.8,29,10.6,7.1,15.2,9,6,12.6,46,16.8,12.3,22.3,14.5,10.5,19.1,36,13.1,9.2,18.1,11.1,7.7,15.1,55,20,15,26,18.7,14,24.1,43,15.6,11.3,21,14.5,10.4,19.2,36,13,9.1,18.1,11.3,7.9,15.4
60657,76,11.4,9,14.2,16.5,12.9,20.5,41,6.2,4.4,8.3,8.7,6.1,11.6,58,8.7,6.6,11.2,12,9,15.3,43,6.5,4.7,8.7,9.1,6.5,12,52,7.8,5.8,10.3,11.1,8.3,14.5,38,5.7,4,7.9,7.8,5.4,10.6,57,8.6,6.5,11.1,12.3,9.2,15.7,55,8.3,6.3,10.8,11.7,8.7,15.1,46,7,5.1,9.3,9.9,7.2,13.1,46,7,5.1,9.3,10.3,7.5,13.6,50,7.6,5.6,10,11,8.1,14.3,45,6.8,5,9.1,9.5,6.8,12.6
60659,58,14.8,11.2,19.1,15.7,11.9,20,45,11.5,8.4,15.4,12.3,8.9,16.1,73,18.7,14.7,23.6,19.5,15.2,24.2,48,12.4,9.1,16.4,12.8,9.4,16.7,55,14.2,10.7,18.5,15.1,11.4,19.4,48,12.4,9.2,16.5,12.9,9.5,16.8,40,10.4,7.4,14.1,11,7.8,14.6,48,12.5,9.2,16.6,13,9.6,17,60,15.7,12,20.2,16,12.2,20.3,68,17.8,13.8,22.6,19,14.7,23.8,52,13.7,10.2,17.9,14,10.4,18,52,13.7,10.2,17.9,14.1,10.5,18.3
60660,110,23.1,18.7,27.4,25.1,20.6,30,113,23.9,19.5,28.3,25.6,21.1,30.5,98,21,17,25.6,22.9,18.6,27.6,83,18,14.3,22.3,19.2,15.3,23.6,79,17.3,13.7,21.5,17.7,14,21.9,82,18.1,14.4,22.5,18.7,14.9,23,73,16.3,12.8,20.5,16.6,13,20.7,67,15.1,11.7,19.2,15.6,12.1,19.6,93,21.3,17.2,26,21.7,17.5,26.3,89,20.6,16.5,25.3,20.7,16.6,25.3,167,39.1,33.1,45,38.9,33.2,45.1,129,30.2,25,35.4,29.7,24.7,35.1
60827 & 60633,20,4.3,2.6,6.6,5.1,3.1,7.6,14,3.1,1.7,5.1,3.5,1.9,5.5,138,30.4,25.4,35.5,34.2,28.7,40.3,123,27.5,22.6,32.3,29.3,24.3,34.8,124,28,23.1,33,31.6,26.2,37.5,115,26.3,21.5,31.1,27.8,22.9,33.2,138,32,26.7,37.4,33.7,28.2,39.6,142,33.4,27.9,38.9,34.5,29,40.5,178,42.4,36.2,48.6,44.1,37.8,50.8,175,42.2,36,48.5,42.7,36.6,49.3,166,40.6,34.4,46.8,40.2,34.3,46.6,139,34,28.4,39.7,34.2,28.7,40.2
